-- --------------------------------------------------------
-- Host:                         127.0.0.1
-- Server version:               PostgreSQL 10.20, compiled by Visual C++ build 1800, 64-bit
-- Server OS:                    
-- HeidiSQL Version:             12.0.0.6468
-- --------------------------------------------------------

/*!40101 SET @OLD_CHARACTER_SET_CLIENT=@@CHARACTER_SET_CLIENT */;
/*!40101 SET NAMES  */;
/*!40103 SET @OLD_TIME_ZONE=@@TIME_ZONE */;
/*!40103 SET TIME_ZONE='+00:00' */;
/*!40014 SET @OLD_FOREIGN_KEY_CHECKS=@@FOREIGN_KEY_CHECKS, FOREIGN_KEY_CHECKS=0 */;
/*!40101 SET @OLD_SQL_MODE=@@SQL_MODE, SQL_MODE='NO_AUTO_VALUE_ON_ZERO' */;
/*!40111 SET @OLD_SQL_NOTES=@@SQL_NOTES, SQL_NOTES=0 */;

-- Dumping structure for table public.documentation
CREATE TABLE IF NOT EXISTS "documentation" (
	"id" INTEGER NOT NULL,
	"path" VARCHAR(255) NULL DEFAULT NULL,
	"type" INTEGER NOT NULL,
	PRIMARY KEY ("id")
);

-- Dumping data for table public.documentation: 0 rows
/*!40000 ALTER TABLE "documentation" DISABLE KEYS */;
/*!40000 ALTER TABLE "documentation" ENABLE KEYS */;

-- Dumping structure for table public.income
CREATE TABLE IF NOT EXISTS "income" (
	"id" BIGINT NOT NULL,
	"doi" DATE NULL DEFAULT NULL,
	"sub_type" VARCHAR(255) NULL DEFAULT NULL,
	"type" VARCHAR(255) NULL DEFAULT NULL,
	"value" REAL NULL DEFAULT NULL,
	"client_id" BIGINT NULL DEFAULT NULL,
	PRIMARY KEY ("id"),
	CONSTRAINT "fkm4jo255013tgooqyptvwvt6ki" FOREIGN KEY ("client_id") REFERENCES "user_client" ("id") ON UPDATE NO ACTION ON DELETE NO ACTION
);

-- Dumping data for table public.income: 0 rows
/*!40000 ALTER TABLE "income" DISABLE KEYS */;
INSERT INTO "income" ("id", "doi", "sub_type", "type", "value", "client_id") VALUES
	(1, '2022-06-28', 'Uninova', 'Salary', 1600, 1),
	(2, '2022-07-13', 'Penneys', 'Reimbursement', 5.5, 1),
	(3, '2022-07-28', 'UNINOVA', 'Salary', 1600, 1);
/*!40000 ALTER TABLE "income" ENABLE KEYS */;

-- Dumping structure for table public.purchase
CREATE TABLE IF NOT EXISTS "purchase" (
	"id" BIGINT NOT NULL,
	"dop" DATE NULL DEFAULT NULL,
	"name" VARCHAR(255) NULL DEFAULT NULL,
	"sub_type" VARCHAR(255) NULL DEFAULT NULL,
	"type" VARCHAR(255) NULL DEFAULT NULL,
	"value" REAL NULL DEFAULT NULL,
	"documentation_id" INTEGER NULL DEFAULT NULL,
	"split_id" INTEGER NULL DEFAULT NULL,
	"client_id" BIGINT NULL DEFAULT NULL,
	PRIMARY KEY ("id"),
	CONSTRAINT "fk9q5or7chfvtt54vdl1a7g4mm4" FOREIGN KEY ("client_id") REFERENCES "user_client" ("id") ON UPDATE NO ACTION ON DELETE NO ACTION,
	CONSTRAINT "fkf313rx7rs75s70996fac454sb" FOREIGN KEY ("documentation_id") REFERENCES "documentation" ("id") ON UPDATE NO ACTION ON DELETE NO ACTION,
	CONSTRAINT "fkgyrbdciadu5i486mdsfit4l6" FOREIGN KEY ("split_id") REFERENCES "split" ("id") ON UPDATE NO ACTION ON DELETE NO ACTION
);

-- Dumping data for table public.purchase: 162 rows
/*!40000 ALTER TABLE "purchase" DISABLE KEYS */;
INSERT INTO "purchase" ("id", "dop", "name", "sub_type", "type", "value", "documentation_id", "split_id", "client_id") VALUES
	(8, '2022-07-06', 'Capel Street Pharmacy', NULL, 'Health', 42.15, NULL, 27, 1),
	(7, '2022-07-06', 'Tesco', NULL, 'Supermarket', 41.02, NULL, 28, 1),
	(33, '2022-07-04', 'Smith', NULL, 'Restaurant', 13, NULL, 45, 2),
	(9, '2022-07-08', 'Penneys', NULL, 'Clothes', 73.8, NULL, 29, 1),
	(11, '2022-07-10', 'Leap Card', NULL, 'Transport', 10, NULL, NULL, 1),
	(10, '2022-07-08', 'Tesco', NULL, 'Supermarket', 9.64, NULL, 30, 1),
	(73, '2022-07-12', 'Leap Card', NULL, 'Transport', 5, NULL, 72, 1),
	(14, '2022-07-10', 'Tesco', NULL, 'Supermarket', 11.88, NULL, 31, 1),
	(12, '2022-07-10', 'Dublin Zoo Park', NULL, 'Entertainment', 42, NULL, 32, 1),
	(13, '2022-07-10', 'Tesco', NULL, 'Supermarket', 2.68, NULL, 33, 1),
	(16, '2022-07-11', 'Pull & Bear', NULL, 'Clothes', 15.99, NULL, NULL, 1),
	(15, '2022-07-11', 'Insomnia Coffe', NULL, 'Coffee', 8.85, NULL, 34, 1),
	(80, '2022-07-28', 'Starbucks', NULL, 'Restaurant', 3.17, NULL, NULL, 1),
	(17, '2022-07-12', 'Leap Card', NULL, 'Transport', 30, NULL, NULL, 1),
	(19, '2022-07-12', 'H&M', NULL, 'Clothes', 19.99, NULL, NULL, 1),
	(20, '2022-07-12', 'Costa Coffee', NULL, 'Coffee', 6.55, NULL, NULL, 1),
	(18, '2022-07-12', 'The Range Liffey Valley', NULL, 'Home', 23.85, NULL, 35, 1),
	(36, '2022-07-11', 'Aldi', NULL, 'Supermarket', 32.13, NULL, 91, 2),
	(22, '2022-07-14', 'The Millhouse', NULL, 'Bar', 23.4, NULL, 36, 1),
	(23, '2022-07-16', 'Wing''s World Cuisine', NULL, 'Restaurant', 48.8, NULL, 37, 1),
	(2, '2022-07-04', 'Tesco', NULL, 'Supermarket', 17.36, NULL, 22, 1),
	(35, '2022-07-08', 'Dealz', NULL, 'Supermarket', 23, NULL, 92, 2),
	(24, '2022-07-16', 'Seasons of Ireland', NULL, 'Clothes', 35.8, NULL, 38, 1),
	(25, '2022-07-17', 'Foodoo', NULL, 'Restaurant', 31, NULL, 39, 1),
	(34, '2022-07-08', 'Penneys', NULL, 'Supermarket', 5, NULL, NULL, 2),
	(27, '2022-07-19', 'Steam', NULL, 'Entertainment', 24.99, NULL, NULL, 1),
	(28, '2022-07-20', 'EuroGiant', NULL, 'Home', 5, NULL, NULL, 1),
	(26, '2022-07-19', 'Argos', NULL, 'Entertainment', 39.98, NULL, 40, 1),
	(29, '2022-07-22', 'Spar', NULL, 'Supermarket', 2.5, NULL, NULL, 1),
	(30, '2022-07-23', 'Amazon', NULL, 'Gadget', 57.3, NULL, 41, 1),
	(3, '2022-07-04', 'Dunnes Stores', NULL, 'Supermarket', 29.53, NULL, 23, 1),
	(71, '2022-07-07', 'Eurogiant', NULL, 'Supermarket', 11.5, NULL, 93, 2),
	(31, '2022-07-24', 'WowFulls', NULL, 'Restaurant', 15, NULL, 42, 1),
	(5, '2022-07-05', 'Dunnes Stores', NULL, 'Supermarket', 43.71, NULL, 24, 1),
	(4, '2022-07-05', 'Dunnes Stores', NULL, 'Supermarket', 23.27, NULL, 25, 1),
	(6, '2022-07-06', 'Brother Hubbard', NULL, 'Restaurant', 16, NULL, 26, 1),
	(70, '2022-07-06', 'Pharmacy', NULL, 'Health', 22.82, NULL, 46, 2),
	(21, '2022-07-13', 'Tesco', NULL, 'Supermarket', 89.61, NULL, 44, 1),
	(32, '2022-07-05', 'Uber', NULL, 'Transport', 22, NULL, 43, 2),
	(77, '2022-08-05', 'Leap Card', NULL, 'Transport', 20, NULL, 67, 1),
	(69, '2022-08-05', 'Dunnes', NULL, 'Supermarket', 15, NULL, 53, 2),
	(59, '2022-08-02', 'JD', NULL, 'Clothes', 40, NULL, 47, 2),
	(67, '2022-08-05', 'Ikea', NULL, 'Restaurant', 13.75, NULL, 48, 2),
	(66, '2022-08-04', 'Aldi', NULL, 'Supermarket', 7.18, NULL, 49, 2),
	(65, '2022-08-03', 'McDonalds', NULL, 'Restaurant', 15.6, NULL, 50, 2),
	(60, '2022-08-02', 'Wok In', NULL, 'Restaurant', 23, NULL, 51, 2),
	(61, '2022-07-31', 'National Wax Museus', NULL, 'Entertainment', 20, NULL, 52, 2),
	(76, '2022-08-04', 'Leap Card', NULL, 'Transport', 10, NULL, 68, 1),
	(42, '2022-07-14', 'Superdrug', NULL, 'Supermarket', 16.2, NULL, 88, 2),
	(43, '2022-07-14', 'Bershka', NULL, 'Clothes', 25.97, NULL, NULL, 2),
	(44, '2022-07-14', 'Zara', NULL, 'Clothes', 10.95, NULL, NULL, 2),
	(41, '2022-07-13', 'Penneys', NULL, 'Clothes', 92.1, NULL, 89, 2),
	(74, '2022-07-14', 'Leap Card', NULL, 'Transport', 30, NULL, 69, 1),
	(48, '2022-07-21', 'Sashimir', NULL, 'Restaurant', 45.27, NULL, 61, 2),
	(47, '2022-07-20', 'Aldi', NULL, 'Supermarket', 45.92, NULL, 62, 2),
	(39, '2022-07-12', 'Dublin Zoo', NULL, 'Entertainment', 3.5, NULL, 90, 2),
	(37, '2022-07-12', 'Poundland', NULL, 'Supermarket', 20.5, NULL, 63, 2),
	(38, '2022-07-12', 'Dublin Zoo', NULL, 'Entertainment', 27.5, NULL, 64, 2),
	(57, '2022-08-02', 'Tesco', NULL, 'Supermarket', 7.88, NULL, 54, 2),
	(46, '2022-07-18', 'Tech Master', NULL, 'Gadget', 7.4, NULL, 87, 2),
	(58, '2022-08-02', 'Penneys', NULL, 'Clothes', 23, NULL, 84, 2),
	(45, '2022-07-14', 'Five Guys', NULL, 'Restaurant', 29.75, NULL, 65, 2),
	(40, '2022-07-13', 'Insomnia', NULL, 'Coffee', 5.1, NULL, 66, 2),
	(56, '2022-07-29', 'Dealz', NULL, 'Supermarket', 18.5, NULL, 85, 2),
	(55, '2022-07-29', 'Lidl', NULL, 'Supermarket', 5.27, NULL, 55, 2),
	(63, '2022-08-03', 'Pharmacy', NULL, 'Health', 7.6, NULL, 160, 2),
	(54, '2022-07-28', 'Tesco', NULL, 'Supermarket', 57.29, NULL, 56, 2),
	(51, '2022-07-26', 'Spar', NULL, 'Coffee', 8.55, NULL, 57, 2),
	(72, '2022-07-10', 'Leap Card', NULL, 'Transport', 5, NULL, NULL, 2),
	(75, '2022-07-29', 'Leap Card', NULL, 'Transport', 10, NULL, NULL, 2),
	(78, '2022-07-27', 'Eurogiant', NULL, 'Supermarket', 11.5, NULL, NULL, 1),
	(68, '2022-08-05', 'Tiger', NULL, 'Supermarket', 17.5, NULL, 82, 2),
	(64, '2022-08-03', 'Dealz', NULL, 'Supermarket', 6.5, NULL, 83, 2),
	(50, '2022-07-26', 'Tesco', NULL, 'Supermarket', 13.14, NULL, 58, 2),
	(53, '2022-07-26', 'Tesco', NULL, 'Supermarket', 13.18, NULL, 59, 2),
	(49, '2022-07-21', 'Lidl', NULL, 'Supermarket', 21.73, NULL, 60, 2),
	(81, '2022-07-30', 'Penneys', NULL, 'Clothes', 20, NULL, NULL, 1),
	(52, '2022-07-26', 'Penneys', NULL, 'Clothes', 29, NULL, 86, 2),
	(82, '2022-07-30', 'Bubble Waffle Factory', NULL, 'Restaurant', 13.9, NULL, NULL, 1),
	(83, '2022-07-30', 'Leap Card', NULL, 'Transport', 30, NULL, NULL, 1),
	(84, '2022-07-30', 'Wax Museum', NULL, 'Entertainment', 29, NULL, 80, 1),
	(87, '2022-07-31', 'Kalabasa', NULL, 'Entertainment', 10, NULL, 78, 1),
	(85, '2022-07-31', 'The Academy', NULL, 'Entertainment', 18, NULL, 79, 1),
	(86, '2022-07-31', 'The Academy', NULL, 'Entertainment', 13.2, NULL, 77, 1),
	(88, '2022-08-01', 'Tesco', NULL, 'Supermarket', 9.85, NULL, 76, 1),
	(89, '2022-08-04', 'Ikea', NULL, 'Home', 59, NULL, 75, 1),
	(90, '2022-08-05', 'Dunnes Stores', NULL, 'Supermarket', 57.79, NULL, 74, 1),
	(91, '2022-08-08', 'McDonalds', NULL, 'Restaurant', 17.2, NULL, 73, 1),
	(62, '2022-08-02', 'Argos', NULL, 'Gadget', 24.99, NULL, 159, 2),
	(79, '2022-07-27', 'Musashi Noodles and Sushi Bar', NULL, 'Restaurant', 71.05, NULL, 81, 1),
	(148, '2022-08-16', 'Penneys', NULL, 'Clothes', 45.7, NULL, 156, 2),
	(149, '2022-08-16', 'Tesco', NULL, 'Supermarket', 17.19, NULL, 157, 2),
	(143, '2022-09-17', 'Amazon', NULL, 'Gadgets', 34.22, NULL, NULL, 1),
	(147, '2022-08-11', 'Dealz', NULL, 'Supermarket', 3.5, NULL, 158, 2),
	(107, '2022-08-05', 'Virgin Media', NULL, 'Home', 16.02, NULL, 96, 1),
	(108, '2022-08-09', 'Penneys', NULL, 'Clothes', 10.5, NULL, NULL, 1),
	(109, '2022-08-09', 'Max Barbers', NULL, 'Lifestyle', 18, NULL, NULL, 1),
	(110, '2022-08-09', 'Burger King', NULL, 'Restaurant', 11.39, NULL, NULL, 1),
	(146, '2022-09-24', 'Dublin Castle', NULL, 'Entertainment', 12, NULL, 97, 1),
	(145, '2022-09-18', 'Zakura Izakaya', NULL, 'Restaurant', 78.45, NULL, 98, 1),
	(112, '2022-08-10', 'Money Withdraw', NULL, 'Withdraw', 40, NULL, NULL, 1),
	(113, '2022-08-10', 'Tech Master', NULL, 'Others', 1.5, NULL, NULL, 1),
	(155, '2022-08-22', 'Lidl', NULL, 'Supermarket', 1.9, NULL, 150, 2),
	(115, '2022-08-12', 'Bookshop', NULL, 'Lifestyle', 10, NULL, NULL, 1),
	(116, '2022-08-14', 'DublinBikes', NULL, 'Transport', 35, NULL, NULL, 1),
	(154, '2022-08-22', 'Tesco', NULL, 'Supermarket', 5.75, NULL, 151, 2),
	(157, '2022-09-01', 'Tesco', NULL, 'Supermarket', 8.15, NULL, 144, 2),
	(163, '2022-08-31', 'Dealz', NULL, 'Supermarket', 6.5, NULL, 145, 2),
	(124, '2022-08-24', 'BelfastBikes', NULL, 'Transport', 5.93, NULL, NULL, 1),
	(169, '2022-09-06', 'Cinema', NULL, 'Lifestyle', 10.2, NULL, 137, 2),
	(126, '2022-09-02', 'Leap Card', NULL, 'Transport', 30, NULL, NULL, 1),
	(153, '2022-08-19', 'Lidl', NULL, 'Supermarket', 56.32, NULL, 152, 2),
	(151, '2022-08-18', 'Dealz', NULL, 'Supermarket', 4.5, NULL, 153, 2),
	(152, '2022-08-18', 'McDonalds', NULL, 'Restaurant', 3, NULL, 154, 2),
	(134, '2022-09-10', 'Money Withdraw', NULL, 'Withdraw', 30, NULL, NULL, 1),
	(150, '2022-08-18', 'Dunnes', NULL, 'Supermarket', 15, NULL, 155, 2),
	(136, '2022-09-11', 'Amazon', NULL, 'Gadgets', 32.51, NULL, NULL, 1),
	(164, '2022-08-31', 'Musashi', NULL, 'Restaurant', 53.15, NULL, 146, 2),
	(139, '2022-09-14', 'DublinBikes', NULL, 'Transport', 0.5, NULL, NULL, 1),
	(144, '2022-09-18', 'Lidl', NULL, 'Supermarket', 4.56, NULL, 100, 1),
	(140, '2022-09-15', 'Dunnes Stores', NULL, 'Supermarket', 41.67, NULL, 101, 1),
	(141, '2022-09-15', 'Lidl', NULL, 'Supermarket', 1.89, NULL, 102, 1),
	(142, '2022-09-15', 'Lidl', NULL, 'Supermarket', 5.9, NULL, 103, 1),
	(138, '2022-09-13', 'Dealz', NULL, 'Supermarket', 3.5, NULL, 104, 1),
	(137, '2022-09-12', 'Eurogiant', NULL, 'Supermarket', 1.5, NULL, 105, 1),
	(135, '2022-09-10', 'Dunnes Stores', NULL, 'Supermarket', 19.77, NULL, 106, 1),
	(133, '2022-09-08', 'Tesco', NULL, 'Supermarket', 12.57, NULL, 107, 1),
	(132, '2022-09-08', 'Virgin Media', NULL, 'Home', 10, NULL, 108, 1),
	(130, '2022-09-06', 'Tiger', NULL, 'Clothes', 8, NULL, 109, 1),
	(131, '2022-09-06', 'Cineworld', NULL, 'Entertainment', 19.98, NULL, 110, 1),
	(127, '2022-09-05', 'Dunnes Stores', NULL, 'Supermarket', 18, NULL, 111, 1),
	(128, '2022-09-05', 'Superdrug', NULL, 'Supermarket', 11.85, NULL, 112, 1),
	(129, '2022-09-05', 'Penneys', NULL, 'Supermarket', 40.5, NULL, 113, 1),
	(125, '2022-08-25', 'Five Guys', NULL, 'Restaurant', 36.34, NULL, 114, 1),
	(121, '2022-08-24', 'Irish Rail', NULL, 'Entertainment', 63.96, NULL, 115, 1),
	(123, '2022-08-24', 'Titanic Belfast', NULL, 'Entertainment', 53.08, NULL, 116, 1),
	(122, '2022-08-24', 'Ramada Hotel', NULL, 'Entertainment', 207.3, NULL, 117, 1),
	(120, '2022-08-22', 'Lidl', NULL, 'Supermarket', 16.63, NULL, 118, 1),
	(119, '2022-08-22', 'Penneys', NULL, 'Clothes', 7, NULL, 119, 1),
	(118, '2022-08-14', 'Tesco', NULL, 'Supermarket', 7.7, NULL, 120, 1),
	(117, '2022-08-14', 'Eurogiant', NULL, 'Supermarket', 17, NULL, 121, 1),
	(111, '2022-08-09', 'Tesco', NULL, 'Supermarket', 10.57, NULL, 122, 1),
	(114, '2022-08-11', 'Sashimir', NULL, 'Restaurant', 54.3, NULL, 123, 1),
	(156, '2022-08-25', 'Tesco', NULL, 'Supermarket', 51.34, NULL, 147, 2),
	(162, '2022-08-25', 'Titanic shop', NULL, 'Lifestyle', 23.43, NULL, 148, 2),
	(161, '2022-08-24', 'Museum Titanic', NULL, 'Lifestyle', 50.94, NULL, 149, 2),
	(168, '2022-09-03', 'Tesco', NULL, 'Supermarket', 8.58, NULL, 138, 2),
	(167, '2022-09-02', 'Tayto Food', NULL, 'Restaurant', 28.7, NULL, 139, 2),
	(158, '2022-09-01', 'Lidl', NULL, 'Supermarket', 37.67, NULL, 140, 2),
	(165, '2022-09-01', 'Penneys', NULL, 'Clothes', 28, NULL, 141, 2),
	(159, '2022-09-01', 'Dunnes', NULL, 'Supermarket', 9.85, NULL, 142, 2),
	(166, '2022-09-01', 'Tayto Park', NULL, 'Lifestyle', 74, NULL, 143, 2),
	(175, '2022-09-19', 'Mcdonald', NULL, 'Restaurant', 34.5, NULL, 130, 2),
	(174, '2022-09-13', 'Tesco', NULL, 'Supermarket', 13.42, NULL, 131, 2),
	(160, '2022-09-13', 'Uber', NULL, 'Transport', 22.96, NULL, 132, 2),
	(179, '2022-09-26', 'Penneys', NULL, 'Clothes', 8.4, NULL, NULL, 2),
	(173, '2022-09-12', 'Lidl', NULL, 'Supermarket', 36.06, NULL, 133, 2),
	(172, '2022-09-10', 'Centra', NULL, 'Restaurant', 7.1, NULL, 134, 2),
	(171, '2022-09-10', 'Mcdonald', NULL, 'Restaurant', 19.1, NULL, 135, 2),
	(182, '2022-09-28', 'Tesco', NULL, 'Supermarket', 7.34, NULL, 124, 2),
	(181, '2022-09-28', 'Eurogiant', NULL, 'Supermarket', 4.5, NULL, 125, 2),
	(180, '2022-09-28', 'Dealz', NULL, 'Supermarket', 6.25, NULL, 126, 2),
	(178, '2022-09-25', 'Museum', NULL, 'Entertainment', 18, NULL, 127, 2),
	(177, '2022-09-24', 'Mcdonald', NULL, 'Restaurant', 19.2, NULL, 128, 2),
	(176, '2022-09-22', 'Dunnes', NULL, 'Supermarket', 46.83, NULL, 129, 2),
	(170, '2022-09-06', 'Wings', NULL, 'Restaurant', 33.2, NULL, 136, 2);
/*!40000 ALTER TABLE "purchase" ENABLE KEYS */;

-- Dumping structure for table public.split
CREATE TABLE IF NOT EXISTS "split" (
	"id" INTEGER NOT NULL,
	"weight" INTEGER NOT NULL,
	"user_id" BIGINT NULL DEFAULT NULL,
	PRIMARY KEY ("id"),
	CONSTRAINT "fkfl82yoopagh09bn7uibor2jyt" FOREIGN KEY ("user_id") REFERENCES "user_client" ("id") ON UPDATE NO ACTION ON DELETE NO ACTION
);

-- Dumping data for table public.split: 54 rows
/*!40000 ALTER TABLE "split" DISABLE KEYS */;
INSERT INTO "split" ("id", "weight", "user_id") VALUES
	(22, 50, 2),
	(23, 50, 2),
	(24, 50, 2),
	(25, 50, 2),
	(26, 50, 2),
	(27, 50, 2),
	(28, 50, 2),
	(29, 20, 2),
	(30, 50, 2),
	(31, 50, 2),
	(32, 50, 2),
	(33, 50, 2),
	(34, 50, 2),
	(35, 50, 2),
	(36, 50, 2),
	(37, 50, 2),
	(38, 35, 2),
	(39, 50, 2),
	(40, 50, 2),
	(41, 50, 2),
	(42, 50, 2),
	(44, 50, 2),
	(45, 50, 1),
	(46, 50, 1),
	(43, 50, 1),
	(47, 100, 1),
	(48, 50, 1),
	(49, 50, 1),
	(50, 50, 1),
	(51, 50, 1),
	(52, 50, 1),
	(53, 50, 1),
	(54, 50, 1),
	(55, 50, 1),
	(56, 50, 1),
	(57, 50, 1),
	(58, 50, 1),
	(59, 50, 1),
	(60, 50, 1),
	(61, 50, 1),
	(62, 50, 1),
	(63, 50, 1),
	(64, 50, 1),
	(65, 50, 1),
	(66, 50, 1),
	(67, 100, 2),
	(68, 100, 2),
	(69, 100, 2),
	(70, 100, 2),
	(72, 100, 2),
	(73, 50, 2),
	(74, 50, 2),
	(75, 50, 2),
	(76, 50, 2),
	(77, 50, 2),
	(78, 50, 2),
	(79, 50, 2),
	(80, 50, 2),
	(81, 50, 2),
	(82, 50, 1),
	(83, 50, 1),
	(84, 50, 1),
	(85, 50, 1),
	(86, 50, 1),
	(87, 50, 1),
	(88, 50, 1),
	(89, 50, 1),
	(90, 50, 1),
	(91, 50, 1),
	(92, 50, 1),
	(93, 50, 1),
	(96, 50, 2),
	(97, 50, 2),
	(98, 50, 2),
	(100, 50, 2),
	(101, 50, 2),
	(102, 50, 2),
	(103, 50, 2),
	(104, 50, 2),
	(105, 50, 2),
	(106, 50, 2),
	(107, 50, 2),
	(108, 50, 2),
	(109, 50, 2),
	(110, 50, 2),
	(111, 50, 2),
	(112, 50, 2),
	(113, 72, 2),
	(114, 50, 2),
	(115, 50, 2),
	(116, 50, 2),
	(117, 50, 2),
	(118, 50, 2),
	(119, 50, 2),
	(120, 50, 2),
	(121, 50, 2),
	(122, 50, 2),
	(123, 50, 2),
	(124, 50, 1),
	(125, 50, 1),
	(126, 50, 1),
	(127, 50, 1),
	(128, 50, 1),
	(129, 50, 1),
	(130, 50, 1),
	(131, 50, 1),
	(132, 50, 1),
	(133, 50, 1),
	(134, 50, 1),
	(135, 50, 1),
	(136, 50, 1),
	(137, 50, 1),
	(138, 50, 1),
	(139, 50, 1),
	(140, 50, 1),
	(141, 50, 1),
	(142, 50, 1),
	(143, 50, 1),
	(144, 50, 1),
	(145, 50, 1),
	(146, 50, 1),
	(147, 50, 1),
	(148, 50, 1),
	(149, 50, 1),
	(150, 50, 1),
	(151, 50, 1),
	(152, 50, 1),
	(153, 50, 1),
	(154, 50, 1),
	(155, 50, 1),
	(156, 50, 1),
	(157, 50, 1),
	(158, 50, 1),
	(159, 50, 1),
	(160, 50, 1);
/*!40000 ALTER TABLE "split" ENABLE KEYS */;

-- Dumping structure for table public.user_client
CREATE TABLE IF NOT EXISTS "user_client" (
	"id" BIGINT NOT NULL,
	"doc" TIMESTAMP NULL DEFAULT NULL,
	"dou" TIMESTAMP NULL DEFAULT NULL,
	"email" VARCHAR(255) NULL DEFAULT NULL,
	"name" VARCHAR(255) NULL DEFAULT NULL,
	"password" VARCHAR(255) NULL DEFAULT NULL,
	"role" VARCHAR(255) NULL DEFAULT NULL,
	PRIMARY KEY ("id")
);

-- Dumping data for table public.user_client: 0 rows
/*!40000 ALTER TABLE "user_client" DISABLE KEYS */;
INSERT INTO "user_client" ("id", "doc", "dou", "email", "name", "password", "role") VALUES
	(1, '2022-04-05 08:30:00', '2022-04-05 08:30:00', 'al.vrdias@gmail.com', 'Álison Dias', '$2a$10$OCLOJI2A3fFYK.4eOcnJuumVbxtV9o7K0rtNn7cvHj0rzeQNlb7C.', 'user'),
	(2, '2022-04-06 08:30:00', '2022-04-06 08:30:00', 'anacatarinarebelo98@gmail.com', 'Ana Catarina', '$2a$10$iu80TlS1kGviZ3PX94Yr2O8QJ6kbGOgq9r3wT/5cFDXkJsi0Ykf7W', 'user');
/*!40000 ALTER TABLE "user_client" ENABLE KEYS */;

/*!40103 SET TIME_ZONE=IFNULL(@OLD_TIME_ZONE, 'system') */;
/*!40101 SET SQL_MODE=IFNULL(@OLD_SQL_MODE, '') */;
/*!40014 SET FOREIGN_KEY_CHECKS=IFNULL(@OLD_FOREIGN_KEY_CHECKS, 1) */;
/*!40101 SET CHARACTER_SET_CLIENT=@OLD_CHARACTER_SET_CLIENT */;
/*!40111 SET SQL_NOTES=IFNULL(@OLD_SQL_NOTES, 1) */;
